{
  "__type__": "cc.SpriteFrame",
  "content": {
    "name": "ui_win_rect",
    "atlas": "",
    "rect": {
      "x": 1,
      "y": 1,
      "width": 78,
      "height": 81
    },
    "offset": {
      "x": 0,
      "y": 0
    },
    "originalSize": {
      "width": 80,
      "height": 83
    },
    "rotated": false,
    "capInsets": [
      0,
      0,
      0,
      0
    ],
    "vertices": {
      "rawPosition": [
        -39,
        -40.5,
        0,
        39,
        -40.5,
        0,
        -39,
        40.5,
        0,
        39,
        40.5,
        0
      ],
      "indexes": [
        0,
        1,
        2,
        2,
        1,
        3
      ],
      "uv": [
        1,
        82,
        79,
        82,
        1,
        1,
        79,
        1
      ],
      "nuv": [
        0.0125,
        0.012048192771084338,
        0.9875,
        0.012048192771084338,
        0.0125,
        0.9879518072289156,
        0.9875,
        0.9879518072289156
      ],
      "minPos": {
        "x": -39,
        "y": -40.5,
        "z": 0
      },
      "maxPos": {
        "x": 39,
        "y": 40.5,
        "z": 0
      }
    },
    "texture": "da12a8df-0f79-4cf1-926a-e723c743fba6@6c48a",
    "packable": true,
    "pixelsToUnit": 100,
    "pivot": {
      "x": 0.5,
      "y": 0.5
    },
    "meshType": 0
  }
}