{
  "__type__": "cc.SpriteFrame",
  "content": {
    "name": "ui_lose",
    "atlas": "",
    "rect": {
      "x": 1,
      "y": 0,
      "width": 478,
      "height": 110
    },
    "offset": {
      "x": 0.5,
      "y": 0
    },
    "originalSize": {
      "width": 479,
      "height": 110
    },
    "rotated": false,
    "capInsets": [
      0,
      0,
      0,
      0
    ],
    "vertices": {
      "rawPosition": [
        -239,
        -55,
        0,
        239,
        -55,
        0,
        -239,
        55,
        0,
        239,
        55,
        0
      ],
      "indexes": [
        0,
        1,
        2,
        2,
        1,
        3
      ],
      "uv": [
        1,
        110,
        479,
        110,
        1,
        0,
        479,
        0
      ],
      "nuv": [
        0.0020876826722338203,
        0,
        1,
        0,
        0.0020876826722338203,
        1,
        1,
        1
      ],
      "minPos": {
        "x": -239,
        "y": -55,
        "z": 0
      },
      "maxPos": {
        "x": 239,
        "y": 55,
        "z": 0
      }
    },
    "texture": "85b031c6-5d60-4822-ae46-953fd564e75c@6c48a",
    "packable": true,
    "pixelsToUnit": 100,
    "pivot": {
      "x": 0.5,
      "y": 0.5
    },
    "meshType": 0
  }
}