{
  "__type__": "cc.SpriteFrame",
  "content": {
    "name": "ui_top",
    "atlas": "",
    "rect": {
      "x": 0,
      "y": 0,
      "width": 640,
      "height": 176
    },
    "offset": {
      "x": 0,
      "y": 0.5
    },
    "originalSize": {
      "width": 640,
      "height": 177
    },
    "rotated": false,
    "capInsets": [
      0,
      0,
      0,
      0
    ],
    "vertices": {
      "rawPosition": [
        -320,
        -88,
        0,
        320,
        -88,
        0,
        -320,
        88,
        0,
        320,
        88,
        0
      ],
      "indexes": [
        0,
        1,
        2,
        2,
        1,
        3
      ],
      "uv": [
        0,
        177,
        640,
        177,
        0,
        1,
        640,
        1
      ],
      "nuv": [
        0,
        0.005649717514124294,
        1,
        0.005649717514124294,
        0,
        1,
        1,
        1
      ],
      "minPos": {
        "x": -320,
        "y": -88,
        "z": 0
      },
      "maxPos": {
        "x": 320,
        "y": 88,
        "z": 0
      }
    },
    "texture": "e664ef11-213f-4e27-8ab7-baad14dc2a2d@6c48a",
    "packable": true,
    "pixelsToUnit": 100,
    "pivot": {
      "x": 0.5,
      "y": 0.5
    },
    "meshType": 0
  }
}