{
  "__type__": "cc.SpriteFrame",
  "content": {
    "name": "gun",
    "atlas": "",
    "rect": {
      "x": 2,
      "y": 2,
      "width": 508,
      "height": 766
    },
    "offset": {
      "x": 0,
      "y": 127
    },
    "originalSize": {
      "width": 512,
      "height": 1024
    },
    "rotated": false,
    "capInsets": [
      0,
      0,
      0,
      0
    ],
    "vertices": {
      "rawPosition": [
        -254,
        -383,
        0,
        254,
        -383,
        0,
        -254,
        383,
        0,
        254,
        383,
        0
      ],
      "indexes": [
        0,
        1,
        2,
        2,
        1,
        3
      ],
      "uv": [
        2,
        1022,
        510,
        1022,
        2,
        256,
        510,
        256
      ],
      "nuv": [
        0.00390625,
        0.25,
        0.99609375,
        0.25,
        0.00390625,
        0.998046875,
        0.99609375,
        0.998046875
      ],
      "minPos": {
        "x": -254,
        "y": -383,
        "z": 0
      },
      "maxPos": {
        "x": 254,
        "y": 383,
        "z": 0
      }
    },
    "texture": "19d7b4a5-76d7-4ebc-9903-b757aa9095ee@6c48a",
    "packable": true,
    "pixelsToUnit": 100,
    "pivot": {
      "x": 0.5,
      "y": 0.5
    },
    "meshType": 0
  }
}