{
  "__type__": "cc.SpriteFrame",
  "content": {
    "name": "monster_0",
    "atlas": "",
    "rect": {
      "x": 2,
      "y": 2,
      "width": 252,
      "height": 160
    },
    "offset": {
      "x": 0,
      "y": 46
    },
    "originalSize": {
      "width": 256,
      "height": 256
    },
    "rotated": false,
    "capInsets": [
      0,
      0,
      0,
      0
    ],
    "vertices": {
      "rawPosition": [
        -126,
        -80,
        0,
        126,
        -80,
        0,
        -126,
        80,
        0,
        126,
        80,
        0
      ],
      "indexes": [
        0,
        1,
        2,
        2,
        1,
        3
      ],
      "uv": [
        2,
        254,
        254,
        254,
        2,
        94,
        254,
        94
      ],
      "nuv": [
        0.0078125,
        0.3671875,
        0.9921875,
        0.3671875,
        0.0078125,
        0.9921875,
        0.9921875,
        0.9921875
      ],
      "minPos": {
        "x": -126,
        "y": -80,
        "z": 0
      },
      "maxPos": {
        "x": 126,
        "y": 80,
        "z": 0
      }
    },
    "texture": "efc72a03-d793-4ea1-bbed-34a48789bc03@6c48a",
    "packable": true,
    "pixelsToUnit": 100,
    "pivot": {
      "x": 0.5,
      "y": 0.5
    },
    "meshType": 0
  }
}