{
  "__type__": "cc.SpriteFrame",
  "content": {
    "name": "bullet",
    "atlas": "",
    "rect": {
      "x": 2,
      "y": 2,
      "width": 2044,
      "height": 1563
    },
    "offset": {
      "x": 0,
      "y": 240.5
    },
    "originalSize": {
      "width": 2048,
      "height": 2048
    },
    "rotated": false,
    "capInsets": [
      0,
      0,
      0,
      0
    ],
    "vertices": {
      "rawPosition": [
        -1022,
        -781.5,
        0,
        1022,
        -781.5,
        0,
        -1022,
        781.5,
        0,
        1022,
        781.5,
        0
      ],
      "indexes": [
        0,
        1,
        2,
        2,
        1,
        3
      ],
      "uv": [
        2,
        2046,
        2046,
        2046,
        2,
        483,
        2046,
        483
      ],
      "nuv": [
        0.0009765625,
        0.23583984375,
        0.9990234375,
        0.23583984375,
        0.0009765625,
        0.9990234375,
        0.9990234375,
        0.9990234375
      ],
      "minPos": {
        "x": -1022,
        "y": -781.5,
        "z": 0
      },
      "maxPos": {
        "x": 1022,
        "y": 781.5,
        "z": 0
      }
    },
    "texture": "76f9b3f2-2d74-460d-8689-cdb54b6a70ad@6c48a",
    "packable": true,
    "pixelsToUnit": 100,
    "pivot": {
      "x": 0.5,
      "y": 0.5
    },
    "meshType": 0
  }
}