{
  "__type__": "cc.SpriteFrame",
  "content": {
    "name": "ui_win_close",
    "atlas": "",
    "rect": {
      "x": 0,
      "y": 1,
      "width": 101,
      "height": 101
    },
    "offset": {
      "x": 0,
      "y": -0.5
    },
    "originalSize": {
      "width": 101,
      "height": 102
    },
    "rotated": false,
    "capInsets": [
      0,
      0,
      0,
      0
    ],
    "vertices": {
      "rawPosition": [
        -50.5,
        -50.5,
        0,
        50.5,
        -50.5,
        0,
        -50.5,
        50.5,
        0,
        50.5,
        50.5,
        0
      ],
      "indexes": [
        0,
        1,
        2,
        2,
        1,
        3
      ],
      "uv": [
        0,
        101,
        101,
        101,
        0,
        0,
        101,
        0
      ],
      "nuv": [
        0,
        0,
        1,
        0,
        0,
        0.9901960784313726,
        1,
        0.9901960784313726
      ],
      "minPos": {
        "x": -50.5,
        "y": -50.5,
        "z": 0
      },
      "maxPos": {
        "x": 50.5,
        "y": 50.5,
        "z": 0
      }
    },
    "texture": "ec6b6149-1658-4777-a89d-afa563fbb44c@6c48a",
    "packable": true,
    "pixelsToUnit": 100,
    "pivot": {
      "x": 0.5,
      "y": 0.5
    },
    "meshType": 0
  }
}