{
  "__type__": "cc.SpriteFrame",
  "content": {
    "name": "ui_win_txt_shangdian",
    "atlas": "",
    "rect": {
      "x": 0,
      "y": 1,
      "width": 172,
      "height": 74
    },
    "offset": {
      "x": -0.5,
      "y": -0.5
    },
    "originalSize": {
      "width": 173,
      "height": 75
    },
    "rotated": false,
    "capInsets": [
      0,
      0,
      0,
      0
    ],
    "vertices": {
      "rawPosition": [
        -86,
        -37,
        0,
        86,
        -37,
        0,
        -86,
        37,
        0,
        86,
        37,
        0
      ],
      "indexes": [
        0,
        1,
        2,
        2,
        1,
        3
      ],
      "uv": [
        0,
        74,
        172,
        74,
        0,
        0,
        172,
        0
      ],
      "nuv": [
        0,
        0,
        0.9942196531791907,
        0,
        0,
        0.9866666666666667,
        0.9942196531791907,
        0.9866666666666667
      ],
      "minPos": {
        "x": -86,
        "y": -37,
        "z": 0
      },
      "maxPos": {
        "x": 86,
        "y": 37,
        "z": 0
      }
    },
    "texture": "8025025c-02b0-4a88-8053-42d7c1dc70e9@6c48a",
    "packable": true,
    "pixelsToUnit": 100,
    "pivot": {
      "x": 0.5,
      "y": 0.5
    },
    "meshType": 0
  }
}