{
  "__type__": "cc.SpriteFrame",
  "content": {
    "name": "ui_bossWin",
    "atlas": "",
    "rect": {
      "x": 0,
      "y": 1,
      "width": 592,
      "height": 290
    },
    "offset": {
      "x": 0,
      "y": 0
    },
    "originalSize": {
      "width": 592,
      "height": 292
    },
    "rotated": false,
    "capInsets": [
      0,
      0,
      0,
      0
    ],
    "vertices": {
      "rawPosition": [
        -296,
        -145,
        0,
        296,
        -145,
        0,
        -296,
        145,
        0,
        296,
        145,
        0
      ],
      "indexes": [
        0,
        1,
        2,
        2,
        1,
        3
      ],
      "uv": [
        0,
        291,
        592,
        291,
        0,
        1,
        592,
        1
      ],
      "nuv": [
        0,
        0.003424657534246575,
        1,
        0.003424657534246575,
        0,
        0.9965753424657534,
        1,
        0.9965753424657534
      ],
      "minPos": {
        "x": -296,
        "y": -145,
        "z": 0
      },
      "maxPos": {
        "x": 296,
        "y": 145,
        "z": 0
      }
    },
    "texture": "5f2ac2d8-a0d6-4169-8ea5-ba1baaeaaf0a@6c48a",
    "packable": true,
    "pixelsToUnit": 100,
    "pivot": {
      "x": 0.5,
      "y": 0.5
    },
    "meshType": 0
  }
}