{
  "__type__": "cc.SpriteFrame",
  "content": {
    "name": "Name-export",
    "atlas": "",
    "rect": {
      "x": 0,
      "y": 0,
      "width": 418,
      "height": 511
    },
    "offset": {
      "x": -47,
      "y": 0.5
    },
    "originalSize": {
      "width": 512,
      "height": 512
    },
    "rotated": false,
    "capInsets": [
      0,
      0,
      0,
      0
    ],
    "vertices": {
      "rawPosition": [
        -209,
        -255.5,
        0,
        209,
        -255.5,
        0,
        -209,
        255.5,
        0,
        209,
        255.5,
        0
      ],
      "indexes": [
        0,
        1,
        2,
        2,
        1,
        3
      ],
      "uv": [
        0,
        512,
        418,
        512,
        0,
        1,
        418,
        1
      ],
      "nuv": [
        0,
        0.001953125,
        0.81640625,
        0.001953125,
        0,
        1,
        0.81640625,
        1
      ],
      "minPos": {
        "x": -209,
        "y": -255.5,
        "z": 0
      },
      "maxPos": {
        "x": 209,
        "y": 255.5,
        "z": 0
      }
    },
    "texture": "2096b734-8d6c-4815-a675-66c8a6812be2@6c48a",
    "packable": true,
    "pixelsToUnit": 100,
    "pivot": {
      "x": 0.5,
      "y": 0.5
    },
    "meshType": 0
  }
}