{
  "__type__": "cc.SpriteFrame",
  "content": {
    "name": "ui_win_txt_renwu2",
    "atlas": "",
    "rect": {
      "x": 1,
      "y": 1,
      "width": 216,
      "height": 155
    },
    "offset": {
      "x": 0.5,
      "y": 0
    },
    "originalSize": {
      "width": 217,
      "height": 157
    },
    "rotated": false,
    "capInsets": [
      0,
      0,
      0,
      0
    ],
    "vertices": {
      "rawPosition": [
        -108,
        -77.5,
        0,
        108,
        -77.5,
        0,
        -108,
        77.5,
        0,
        108,
        77.5,
        0
      ],
      "indexes": [
        0,
        1,
        2,
        2,
        1,
        3
      ],
      "uv": [
        1,
        156,
        217,
        156,
        1,
        1,
        217,
        1
      ],
      "nuv": [
        0.004608294930875576,
        0.006369426751592357,
        1,
        0.006369426751592357,
        0.004608294930875576,
        0.9936305732484076,
        1,
        0.9936305732484076
      ],
      "minPos": {
        "x": -108,
        "y": -77.5,
        "z": 0
      },
      "maxPos": {
        "x": 108,
        "y": 77.5,
        "z": 0
      }
    },
    "texture": "84133bfe-373b-41f9-9992-6ee55a806f33@6c48a",
    "packable": true,
    "pixelsToUnit": 100,
    "pivot": {
      "x": 0.5,
      "y": 0.5
    },
    "meshType": 0
  }
}