{
  "__type__": "cc.SpriteFrame",
  "content": {
    "name": "ui_boss_p4",
    "atlas": "",
    "rect": {
      "x": 0,
      "y": 0,
      "width": 605,
      "height": 193
    },
    "offset": {
      "x": 0,
      "y": 0.5
    },
    "originalSize": {
      "width": 605,
      "height": 194
    },
    "rotated": false,
    "capInsets": [
      0,
      0,
      0,
      0
    ],
    "vertices": {
      "rawPosition": [
        -302.5,
        -96.5,
        0,
        302.5,
        -96.5,
        0,
        -302.5,
        96.5,
        0,
        302.5,
        96.5,
        0
      ],
      "indexes": [
        0,
        1,
        2,
        2,
        1,
        3
      ],
      "uv": [
        0,
        194,
        605,
        194,
        0,
        1,
        605,
        1
      ],
      "nuv": [
        0,
        0.005154639175257732,
        1,
        0.005154639175257732,
        0,
        1,
        1,
        1
      ],
      "minPos": {
        "x": -302.5,
        "y": -96.5,
        "z": 0
      },
      "maxPos": {
        "x": 302.5,
        "y": 96.5,
        "z": 0
      }
    },
    "texture": "9d449c22-ab3e-46a8-b841-ffc588cc5860@6c48a",
    "packable": true,
    "pixelsToUnit": 100,
    "pivot": {
      "x": 0.5,
      "y": 0.5
    },
    "meshType": 0
  }
}