{
  "__type__": "cc.SpriteFrame",
  "content": {
    "name": "num",
    "atlas": "",
    "rect": {
      "x": 46,
      "y": 26,
      "width": 1100,
      "height": 110
    },
    "offset": {
      "x": -337.5,
      "y": 264
    },
    "originalSize": {
      "width": 1867,
      "height": 690
    },
    "rotated": false,
    "capInsets": [
      0,
      0,
      0,
      0
    ],
    "vertices": {
      "rawPosition": [
        -550,
        -55,
        0,
        550,
        -55,
        0,
        -550,
        55,
        0,
        550,
        55,
        0
      ],
      "indexes": [
        0,
        1,
        2,
        2,
        1,
        3
      ],
      "uv": [
        46,
        664,
        1146,
        664,
        46,
        554,
        1146,
        554
      ],
      "nuv": [
        0.024638457418318157,
        0.8028985507246377,
        0.6138189608998393,
        0.8028985507246377,
        0.024638457418318157,
        0.9623188405797102,
        0.6138189608998393,
        0.9623188405797102
      ],
      "minPos": {
        "x": -550,
        "y": -55,
        "z": 0
      },
      "maxPos": {
        "x": 550,
        "y": 55,
        "z": 0
      }
    },
    "texture": "6e161480-aaf1-4b8e-a5a7-accb44a27328@6c48a",
    "packable": true,
    "pixelsToUnit": 100,
    "pivot": {
      "x": 0.5,
      "y": 0.5
    },
    "meshType": 0
  }
}