{
  "__type__": "cc.SpriteFrame",
  "content": {
    "name": "monster_1",
    "atlas": "",
    "rect": {
      "x": 2,
      "y": 2,
      "width": 481,
      "height": 479
    },
    "offset": {
      "x": -13.5,
      "y": 14.5
    },
    "originalSize": {
      "width": 512,
      "height": 512
    },
    "rotated": false,
    "capInsets": [
      0,
      0,
      0,
      0
    ],
    "vertices": {
      "rawPosition": [
        -240.5,
        -239.5,
        0,
        240.5,
        -239.5,
        0,
        -240.5,
        239.5,
        0,
        240.5,
        239.5,
        0
      ],
      "indexes": [
        0,
        1,
        2,
        2,
        1,
        3
      ],
      "uv": [
        2,
        510,
        483,
        510,
        2,
        31,
        483,
        31
      ],
      "nuv": [
        0.00390625,
        0.060546875,
        0.943359375,
        0.060546875,
        0.00390625,
        0.99609375,
        0.943359375,
        0.99609375
      ],
      "minPos": {
        "x": -240.5,
        "y": -239.5,
        "z": 0
      },
      "maxPos": {
        "x": 240.5,
        "y": 239.5,
        "z": 0
      }
    },
    "texture": "f662a1f5-9e31-41f3-822e-cea955ea8b5f@6c48a",
    "packable": true,
    "pixelsToUnit": 100,
    "pivot": {
      "x": 0.5,
      "y": 0.5
    },
    "meshType": 0
  }
}