{
  "__type__": "cc.SpriteFrame",
  "content": {
    "name": "monster_2",
    "atlas": "",
    "rect": {
      "x": 2,
      "y": 2,
      "width": 491,
      "height": 975
    },
    "offset": {
      "x": -8.5,
      "y": 22.5
    },
    "originalSize": {
      "width": 512,
      "height": 1024
    },
    "rotated": false,
    "capInsets": [
      0,
      0,
      0,
      0
    ],
    "vertices": {
      "rawPosition": [
        -245.5,
        -487.5,
        0,
        245.5,
        -487.5,
        0,
        -245.5,
        487.5,
        0,
        245.5,
        487.5,
        0
      ],
      "indexes": [
        0,
        1,
        2,
        2,
        1,
        3
      ],
      "uv": [
        2,
        1022,
        493,
        1022,
        2,
        47,
        493,
        47
      ],
      "nuv": [
        0.00390625,
        0.0458984375,
        0.962890625,
        0.0458984375,
        0.00390625,
        0.998046875,
        0.962890625,
        0.998046875
      ],
      "minPos": {
        "x": -245.5,
        "y": -487.5,
        "z": 0
      },
      "maxPos": {
        "x": 245.5,
        "y": 487.5,
        "z": 0
      }
    },
    "texture": "500c58a7-7307-49d1-84d1-dde7af5219a1@6c48a",
    "packable": true,
    "pixelsToUnit": 100,
    "pivot": {
      "x": 0.5,
      "y": 0.5
    },
    "meshType": 0
  }
}