{
  "__type__": "cc.SpriteFrame",
  "content": {
    "name": "block-1",
    "atlas": "",
    "rect": {
      "x": 2,
      "y": 2,
      "width": 493,
      "height": 507
    },
    "offset": {
      "x": -7.5,
      "y": 0.5
    },
    "originalSize": {
      "width": 512,
      "height": 512
    },
    "rotated": false,
    "capInsets": [
      0,
      0,
      0,
      0
    ],
    "vertices": {
      "rawPosition": [
        -246.5,
        -253.5,
        0,
        246.5,
        -253.5,
        0,
        -246.5,
        253.5,
        0,
        246.5,
        253.5,
        0
      ],
      "indexes": [
        0,
        1,
        2,
        2,
        1,
        3
      ],
      "uv": [
        2,
        510,
        495,
        510,
        2,
        3,
        495,
        3
      ],
      "nuv": [
        0.00390625,
        0.005859375,
        0.966796875,
        0.005859375,
        0.00390625,
        0.99609375,
        0.966796875,
        0.99609375
      ],
      "minPos": {
        "x": -246.5,
        "y": -253.5,
        "z": 0
      },
      "maxPos": {
        "x": 246.5,
        "y": 253.5,
        "z": 0
      }
    },
    "texture": "eee809a2-e860-41cb-a190-142d03afacf0@6c48a",
    "packable": true,
    "pixelsToUnit": 100,
    "pivot": {
      "x": 0.5,
      "y": 0.5
    },
    "meshType": 0
  }
}