{
  "__type__": "cc.SpriteFrame",
  "content": {
    "name": "deadEffect",
    "atlas": "",
    "rect": {
      "x": 2,
      "y": 2,
      "width": 508,
      "height": 480
    },
    "offset": {
      "x": 0,
      "y": 14
    },
    "originalSize": {
      "width": 512,
      "height": 512
    },
    "rotated": false,
    "capInsets": [
      0,
      0,
      0,
      0
    ],
    "vertices": {
      "rawPosition": [
        -254,
        -240,
        0,
        254,
        -240,
        0,
        -254,
        240,
        0,
        254,
        240,
        0
      ],
      "indexes": [
        0,
        1,
        2,
        2,
        1,
        3
      ],
      "uv": [
        2,
        510,
        510,
        510,
        2,
        30,
        510,
        30
      ],
      "nuv": [
        0.00390625,
        0.05859375,
        0.99609375,
        0.05859375,
        0.00390625,
        0.99609375,
        0.99609375,
        0.99609375
      ],
      "minPos": {
        "x": -254,
        "y": -240,
        "z": 0
      },
      "maxPos": {
        "x": 254,
        "y": 240,
        "z": 0
      }
    },
    "texture": "ffa19fcc-4bd5-4d9c-9db9-1874292ab8b6@6c48a",
    "packable": true,
    "pixelsToUnit": 100,
    "pivot": {
      "x": 0.5,
      "y": 0.5
    },
    "meshType": 0
  }
}