{
  "__type__": "cc.SpriteFrame",
  "content": {
    "name": "ui_mergeRemind",
    "atlas": "",
    "rect": {
      "x": 1,
      "y": 0,
      "width": 114,
      "height": 116
    },
    "offset": {
      "x": 0,
      "y": 0
    },
    "originalSize": {
      "width": 116,
      "height": 116
    },
    "rotated": false,
    "capInsets": [
      0,
      0,
      0,
      0
    ],
    "vertices": {
      "rawPosition": [
        -57,
        -58,
        0,
        57,
        -58,
        0,
        -57,
        58,
        0,
        57,
        58,
        0
      ],
      "indexes": [
        0,
        1,
        2,
        2,
        1,
        3
      ],
      "uv": [
        1,
        116,
        115,
        116,
        1,
        0,
        115,
        0
      ],
      "nuv": [
        0.008620689655172414,
        0,
        0.9913793103448276,
        0,
        0.008620689655172414,
        1,
        0.9913793103448276,
        1
      ],
      "minPos": {
        "x": -57,
        "y": -58,
        "z": 0
      },
      "maxPos": {
        "x": 57,
        "y": 58,
        "z": 0
      }
    },
    "texture": "2b174d57-9b1b-4d9e-88f2-04c52bbab41d@6c48a",
    "packable": true,
    "pixelsToUnit": 100,
    "pivot": {
      "x": 0.5,
      "y": 0.5
    },
    "meshType": 0
  }
}