{
  "__type__": "cc.SpriteFrame",
  "content": {
    "name": "gameUI",
    "atlas": "",
    "rect": {
      "x": 2,
      "y": 2,
      "width": 1020,
      "height": 2035
    },
    "offset": {
      "x": 0,
      "y": 4.5
    },
    "originalSize": {
      "width": 1024,
      "height": 2048
    },
    "rotated": false,
    "capInsets": [
      0,
      0,
      0,
      0
    ],
    "vertices": {
      "rawPosition": [
        -510,
        -1017.5,
        0,
        510,
        -1017.5,
        0,
        -510,
        1017.5,
        0,
        510,
        1017.5,
        0
      ],
      "indexes": [
        0,
        1,
        2,
        2,
        1,
        3
      ],
      "uv": [
        2,
        2046,
        1022,
        2046,
        2,
        11,
        1022,
        11
      ],
      "nuv": [
        0.001953125,
        0.00537109375,
        0.998046875,
        0.00537109375,
        0.001953125,
        0.9990234375,
        0.998046875,
        0.9990234375
      ],
      "minPos": {
        "x": -510,
        "y": -1017.5,
        "z": 0
      },
      "maxPos": {
        "x": 510,
        "y": 1017.5,
        "z": 0
      }
    },
    "texture": "68ecd090-ce79-436e-a42e-2c7de7076861@6c48a",
    "packable": true,
    "pixelsToUnit": 100,
    "pivot": {
      "x": 0.5,
      "y": 0.5
    },
    "meshType": 0
  }
}