{
  "__type__": "cc.SpriteFrame",
  "content": {
    "name": "map",
    "atlas": "",
    "rect": {
      "x": 2,
      "y": 2,
      "width": 947,
      "height": 1738
    },
    "offset": {
      "x": -36.5,
      "y": 153
    },
    "originalSize": {
      "width": 1024,
      "height": 2048
    },
    "rotated": false,
    "capInsets": [
      0,
      0,
      0,
      0
    ],
    "vertices": {
      "rawPosition": [
        -473.5,
        -869,
        0,
        473.5,
        -869,
        0,
        -473.5,
        869,
        0,
        473.5,
        869,
        0
      ],
      "indexes": [
        0,
        1,
        2,
        2,
        1,
        3
      ],
      "uv": [
        2,
        2046,
        949,
        2046,
        2,
        308,
        949,
        308
      ],
      "nuv": [
        0.001953125,
        0.150390625,
        0.9267578125,
        0.150390625,
        0.001953125,
        0.9990234375,
        0.9267578125,
        0.9990234375
      ],
      "minPos": {
        "x": -473.5,
        "y": -869,
        "z": 0
      },
      "maxPos": {
        "x": 473.5,
        "y": 869,
        "z": 0
      }
    },
    "texture": "ad4c54f6-2763-4d77-aec6-a0d85364df3b@6c48a",
    "packable": true,
    "pixelsToUnit": 100,
    "pivot": {
      "x": 0.5,
      "y": 0.5
    },
    "meshType": 0
  }
}