{
  "__type__": "cc.SpriteFrame",
  "content": {
    "name": "ui_win_title_bg",
    "atlas": "",
    "rect": {
      "x": 1,
      "y": 1,
      "width": 339,
      "height": 121
    },
    "offset": {
      "x": 0,
      "y": 0
    },
    "originalSize": {
      "width": 341,
      "height": 123
    },
    "rotated": false,
    "capInsets": [
      0,
      0,
      0,
      0
    ],
    "vertices": {
      "rawPosition": [
        -169.5,
        -60.5,
        0,
        169.5,
        -60.5,
        0,
        -169.5,
        60.5,
        0,
        169.5,
        60.5,
        0
      ],
      "indexes": [
        0,
        1,
        2,
        2,
        1,
        3
      ],
      "uv": [
        1,
        122,
        340,
        122,
        1,
        1,
        340,
        1
      ],
      "nuv": [
        0.002932551319648094,
        0.008130081300813009,
        0.9970674486803519,
        0.008130081300813009,
        0.002932551319648094,
        0.991869918699187,
        0.9970674486803519,
        0.991869918699187
      ],
      "minPos": {
        "x": -169.5,
        "y": -60.5,
        "z": 0
      },
      "maxPos": {
        "x": 169.5,
        "y": 60.5,
        "z": 0
      }
    },
    "texture": "9f531fc9-3258-4970-8453-2f794e760d4c@6c48a",
    "packable": true,
    "pixelsToUnit": 100,
    "pivot": {
      "x": 0.5,
      "y": 0.5
    },
    "meshType": 0
  }
}