{
  "__type__": "cc.SpriteFrame",
  "content": {
    "name": "ui_win_txt_chengjiu1",
    "atlas": "",
    "rect": {
      "x": 1,
      "y": 1,
      "width": 239,
      "height": 171
    },
    "offset": {
      "x": 0.5,
      "y": 0
    },
    "originalSize": {
      "width": 240,
      "height": 173
    },
    "rotated": false,
    "capInsets": [
      0,
      0,
      0,
      0
    ],
    "vertices": {
      "rawPosition": [
        -119.5,
        -85.5,
        0,
        119.5,
        -85.5,
        0,
        -119.5,
        85.5,
        0,
        119.5,
        85.5,
        0
      ],
      "indexes": [
        0,
        1,
        2,
        2,
        1,
        3
      ],
      "uv": [
        1,
        172,
        240,
        172,
        1,
        1,
        240,
        1
      ],
      "nuv": [
        0.004166666666666667,
        0.005780346820809248,
        1,
        0.005780346820809248,
        0.004166666666666667,
        0.9942196531791907,
        1,
        0.9942196531791907
      ],
      "minPos": {
        "x": -119.5,
        "y": -85.5,
        "z": 0
      },
      "maxPos": {
        "x": 119.5,
        "y": 85.5,
        "z": 0
      }
    },
    "texture": "7f7e5a80-704b-4c42-bc77-c8858274055b@6c48a",
    "packable": true,
    "pixelsToUnit": 100,
    "pivot": {
      "x": 0.5,
      "y": 0.5
    },
    "meshType": 0
  }
}