{
  "__version__": "1.0.0",
  "builder": {
    "taskOptionsMap": {},
    "__version__": "1.3.6"
  },
  "gizmos-infos": {
    "is2D": true,
    "is3DIcon": false,
    "iconSize": 2,
    "gridVisible": true,
    "gridColor": [
      166,
      166,
      166,
      255
    ],
    "transformToolName": "position",
    "pivot": "pivot",
    "coordinate": "local",
    "toolsVisibility3d": true
  },
  "snap-configs": {
    "position": {
      "x": 1,
      "y": 1,
      "z": 1
    },
    "rotation": 1,
    "scale": 1,
    "isPositionSnapEnabled": false,
    "isRotationSnapEnabled": false,
    "isScaleSnapEnabled": false
  },
  "rect-snap-configs": {
    "enableSnapping": true,
    "snapThreshold": 4
  },
  "": {
    "sculpt_brush_rotate": 0
  },
  "camera": {
    "color": [
      48,
      48,
      48,
      255
    ],
    "fov": 45,
    "far": 10000,
    "near": 0.01,
    "wheelSpeed": 0.01,
    "wanderSpeed": 10,
    "enableAcceleration": true,
    "size": "__default_design__",
    "far2D": 10000,
    "near2D": 1,
    "wheelSpeed2D": 6,
    "iso": 0,
    "aperture": 19,
    "shutter": 7
  },
  "camera-infos": {
    "f46876e4-e81b-4931-b493-6d367be385e7": {
      "position": {
        "x": 523.5000000000001,
        "y": 326.00000000000006,
        "z": 5000
      },
      "rotation": {
        "x": 0,
        "y": 0,
        "z": 0,
        "w": 1
      },
      "viewCenter": {
        "x": 0,
        "y": 0,
        "z": 0
      }
    },
    "16662d0f-4e0a-4b6e-ae37-2726f8965add": {
      "position": {
        "x": 1177.4929789517598,
        "y": 182.93483575990876,
        "z": 5000
      },
      "rotation": {
        "x": 0,
        "y": 0,
        "z": 0,
        "w": 1
      },
      "viewCenter": {
        "x": 0,
        "y": 0,
        "z": 0
      },
      "contentRect": {
        "x": -645.4399005903247,
        "y": -652.7937050043707,
        "width": 732.9,
        "height": 336
      },
      "scale": 0.20102221212448104
    },
    "48tlKFiFNBM5Q+Xnw7mney": {
      "position": {
        "x": 593.8380785929835,
        "y": 317.26799714614003,
        "z": 5000
      },
      "rotation": {
        "x": 0,
        "y": 0,
        "z": 0,
        "w": 1
      },
      "viewCenter": {
        "x": 70.1422393600235,
        "y": 40.09460580648778,
        "z": -18.005242822697767
      }
    },
    "b6LCFy7OVM56Ge0zAI4+TH": {
      "position": {
        "x": 256.447582969831,
        "y": 230.93806409593486,
        "z": 5000
      },
      "rotation": {
        "x": 0,
        "y": 0,
        "z": 0,
        "w": 1
      },
      "viewCenter": {
        "x": 70.1422393600235,
        "y": 40.09460580648778,
        "z": -18.005242822697767
      }
    },
    "1alzKfIapFgr2r/D3yoCYM": {
      "position": {
        "x": 16.23167397387533,
        "y": 346.53048144999195,
        "z": 5000
      },
      "rotation": {
        "x": 0,
        "y": 0,
        "z": 0,
        "w": 1
      },
      "viewCenter": {
        "x": 70.1422393600235,
        "y": 40.09460580648778,
        "z": -18.005242822697767
      }
    },
    "c1drKvBxxOYZIwjRqMev7v": {
      "position": {
        "x": 417.6803030441083,
        "y": 242.0376135513617,
        "z": 5000
      },
      "rotation": {
        "x": 0,
        "y": 0,
        "z": 0,
        "w": 1
      },
      "viewCenter": {
        "x": 70.1422393600235,
        "y": 40.09460580648778,
        "z": -18.005242822697767
      }
    },
    "47Fdlg6ypFY6Q2LXZ9SIuS": {
      "position": {
        "x": 420.1453587994644,
        "y": 420.14535879946436,
        "z": 420.14535879946436
      },
      "rotation": {
        "x": -0.27984814233312133,
        "y": 0.3647051996310009,
        "z": 0.11591689595929512,
        "w": 0.8804762392171493
      },
      "viewCenter": {
        "x": 0,
        "y": 0,
        "z": 0
      }
    },
    "c0LhTjqqFAMYMsA1JMUDNG": {
      "position": {
        "x": 50,
        "y": 50,
        "z": 50
      },
      "rotation": {
        "x": -0.27984814233312133,
        "y": 0.3647051996310009,
        "z": 0.11591689595929512,
        "w": 0.8804762392171493
      },
      "viewCenter": {
        "x": 0,
        "y": 0,
        "z": 0
      }
    },
    "029sE7zlBCoLD82Q2+Rpvp": {
      "position": {
        "x": 50,
        "y": 50,
        "z": 50
      },
      "rotation": {
        "x": -0.27984814233312133,
        "y": 0.3647051996310009,
        "z": 0.11591689595929512,
        "w": 0.8804762392171493
      },
      "viewCenter": {
        "x": 0,
        "y": 0,
        "z": 0
      }
    },
    "82VBuIZupJs6xoA8w6ktOh": {
      "position": {
        "x": 50,
        "y": 50,
        "z": 50
      },
      "rotation": {
        "x": -0.27984814233312133,
        "y": 0.3647051996310009,
        "z": 0.11591689595929512,
        "w": 0.8804762392171493
      },
      "viewCenter": {
        "x": 0,
        "y": 0,
        "z": 0
      }
    },
    "deEMmB8e5NbrQsx0PApx1K": {
      "position": {
        "x": 50,
        "y": 50,
        "z": 50
      },
      "rotation": {
        "x": -0.27984814233312133,
        "y": 0.3647051996310009,
        "z": 0.11591689595929512,
        "w": 0.8804762392171493
      },
      "viewCenter": {
        "x": 0,
        "y": 0,
        "z": 0
      }
    },
    "48Bec5q1VK56hpCY986UjG": {
      "position": {
        "x": 50,
        "y": 50,
        "z": 50
      },
      "rotation": {
        "x": -0.27984814233312133,
        "y": 0.3647051996310009,
        "z": 0.11591689595929512,
        "w": 0.8804762392171493
      },
      "viewCenter": {
        "x": 0,
        "y": 0,
        "z": 0
      }
    },
    "4d9bHoUxBLv6sU2SfylN6W": {
      "position": {
        "x": 50,
        "y": 50,
        "z": 50
      },
      "rotation": {
        "x": -0.27984814233312133,
        "y": 0.3647051996310009,
        "z": 0.11591689595929512,
        "w": 0.8804762392171493
      },
      "viewCenter": {
        "x": 0,
        "y": 0,
        "z": 0
      }
    },
    "c1mcj8WRFHMaUyEKTLgWdk": {
      "position": {
        "x": 50,
        "y": 50,
        "z": 50
      },
      "rotation": {
        "x": -0.27984814233312133,
        "y": 0.3647051996310009,
        "z": 0.11591689595929512,
        "w": 0.8804762392171493
      },
      "viewCenter": {
        "x": 0,
        "y": 0,
        "z": 0
      }
    },
    "d5oJnsY/RNqo5uvztxOtKV": {
      "position": {
        "x": 7097.959472879365,
        "y": 6817.959472879364,
        "z": 6457.959472879363
      },
      "rotation": {
        "x": -0.27984814233312133,
        "y": 0.3647051996310009,
        "z": 0.11591689595929512,
        "w": 0.8804762392171493
      },
      "viewCenter": {
        "x": 640,
        "y": 360,
        "z": 0
      }
    },
    "d4NE+wHdpB7o6X6AIV3ibC": {
      "position": {
        "x": -490.5431156482348,
        "y": 1007.0214278869944,
        "z": 1854.963283039433
      },
      "rotation": {
        "x": -0.23731797993089576,
        "y": -0.1251599645681292,
        "z": -0.030849017274070877,
        "w": 0.9628413668949043
      },
      "viewCenter": {
        "x": 0,
        "y": 0,
        "z": 0
      }
    },
    "83lz1xF5RIYpPnYe4FLLEV": {
      "position": {
        "x": 339.3450462327154,
        "y": 386.68234672663266,
        "z": 5000
      },
      "rotation": {
        "x": 0,
        "y": 0,
        "z": 0,
        "w": 1
      },
      "viewCenter": {
        "x": 640,
        "y": 360,
        "z": 0
      }
    },
    "4fBJHRuBBEdqXuNGDT6oMK": {
      "position": {
        "x": 436.49999999999994,
        "y": 237,
        "z": 5000
      },
      "rotation": {
        "x": 0,
        "y": 0,
        "z": 0,
        "w": 1
      },
      "viewCenter": {
        "x": 640,
        "y": 360,
        "z": 0
      }
    },
    "bes/zN02lLJKg4j1SGFCgg": {
      "position": {
        "x": 436.49999999999994,
        "y": 237,
        "z": 5000
      },
      "rotation": {
        "x": 0,
        "y": 0,