{
  "__type__": "cc.SpriteFrame",
  "content": {
    "name": "ui_func_lock",
    "atlas": "",
    "rect": {
      "x": 1,
      "y": 0,
      "width": 68,
      "height": 73
    },
    "offset": {
      "x": 0,
      "y": 0
    },
    "originalSize": {
      "width": 70,
      "height": 73
    },
    "rotated": false,
    "capInsets": [
      0,
      0,
      0,
      0
    ],
    "vertices": {
      "rawPosition": [
        -34,
        -36.5,
        0,
        34,
        -36.5,
        0,
        -34,
        36.5,
        0,
        34,
        36.5,
        0
      ],
      "indexes": [
        0,
        1,
        2,
        2,
        1,
        3
      ],
      "uv": [
        1,
        73,
        69,
        73,
        1,
        0,
        69,
        0
      ],
      "nuv": [
        0.014285714285714285,
        0,
        0.9857142857142858,
        0,
        0.014285714285714285,
        1,
        0.9857142857142858,
        1
      ],
      "minPos": {
        "x": -34,
        "y": -36.5,
        "z": 0
      },
      "maxPos": {
        "x": 34,
        "y": 36.5,
        "z": 0
      }
    },
    "texture": "31a9b5b9-6d00-4224-9ca6-3c9077761454@6c48a",
    "packable": true,
    "pixelsToUnit": 100,
    "pivot": {
      "x": 0.5,
      "y": 0.5
    },
    "meshType": 0
  }
}