{
  "__type__": "cc.SpriteFrame",
  "content": {
    "name": "pad",
    "atlas": "",
    "rect": {
      "x": 2,
      "y": 2,
      "width": 383,
      "height": 508
    },
    "offset": {
      "x": -62.5,
      "y": 0
    },
    "originalSize": {
      "width": 512,
      "height": 512
    },
    "rotated": false,
    "capInsets": [
      0,
      0,
      0,
      0
    ],
    "vertices": {
      "rawPosition": [
        -191.5,
        -254,
        0,
        191.5,
        -254,
        0,
        -191.5,
        254,
        0,
        191.5,
        254,
        0
      ],
      "indexes": [
        0,
        1,
        2,
        2,
        1,
        3
      ],
      "uv": [
        2,
        510,
        385,
        510,
        2,
        2,
        385,
        2
      ],
      "nuv": [
        0.00390625,
        0.00390625,
        0.751953125,
        0.00390625,
        0.00390625,
        0.99609375,
        0.751953125,
        0.99609375
      ],
      "minPos": {
        "x": -191.5,
        "y": -254,
        "z": 0
      },
      "maxPos": {
        "x": 191.5,
        "y": 254,
        "z": 0
      }
    },
    "texture": "a252b002-9449-4e4c-9eb0-a0f01eb040c6@6c48a",
    "packable": true,
    "pixelsToUnit": 100,
    "pivot": {
      "x": 0.5,
      "y": 0.5
    },
    "meshType": 0
  }
}